{
  "episode": 150,
  "global_step": 300000,
  "episode_rewards": [
    -10173.623971025121,
    -10173.610880924109,
    -10173.624293348981,
    -10173.621709853991,
    -10173.609618489074,
    -10173.620563384968,
    -10173.60146604732,
    -10173.618601606471,
    -10173.616142986868,
    -10173.616700853598,
    -10173.61925095298,
    -10173.607799069998,
    -10173.617682040229,
    -10173.610714228113,
    -10173.632312234304,
    -10173.605337908186,
    -10173.6208851953,
    -10173.607590295973,
    -10173.605886722078,
    -10173.610164058093,
    -10173.637719456876,
    -10173.62336506327,
    -10173.618385547212,
    -10173.610312099749,
    -10173.615556240384,
    -10173.609465254769,
    -10173.594957920994,
    -10173.635991732166,
    -10173.630062211549,
    -10173.639671215411,
    -10173.604650817593,
    -10173.62605569831,
    -10173.617771314637,
    -10173.599113763412,
    -10173.61457998846,
    -10173.634136060711,
    -10173.613694744465,
    -10173.614952657623,
    -10173.629671505609,
    -10173.60608207343,
    -10173.630852995482,
    -10173.625267335188,
    -10173.625412230134,
    -10173.603707557795,
    -10173.617666875565,
    -10173.605141531665,
    -10173.606035084878,
    -10173.622067917793,
    -10173.625926883391,
    -10173.611018952126,
    -10173.608743959912,
    -10173.614575338694,
    -10173.599326844529,
    -10173.618907135471,
    -10173.612679651409,
    -10173.623574159954,
    -10173.60594858564,
    -10173.61368651422,
    -10173.610873694026,
    -10173.620226459818,
    -10173.61551635204,
    -10173.604965993518,
    -10173.622043572888,
    -10173.608016843391,
    -10173.623001360671,
    -10173.61380467401,
    -10173.614483325193,
    -10173.615896686475,
    -10173.61278942643,
    -10173.612125998085,
    -10173.623541142966,
    -10173.61689961464,
    -10173.61399212434,
    -10173.606338636117,
    -10173.616920558046,
    -10173.623754299544,
    -10173.620603432637,
    -10173.611455360735,
    -10173.60137333272,
    -10173.609621204638,
    -10173.60184725096,
    -10173.621436731071,
    -10173.620758888484,
    -10173.632346203638,
    -10173.597455377967,
    -10173.61018816485,
    -10173.629466484326,
    -10173.620197969432,
    -10173.6054090657,
    -10173.631392051619,
    -10173.612033800515,
    -10173.610037695053,
    -10173.629288630147,
    -10173.615358493327,
    -10173.619753883431,
    -10173.599326673373,
    -10173.609109844874,
    -10173.616835199038,
    -10173.615255628114,
    -10173.620226550574,
    -10173.619345682046,
    -10173.613816746632,
    -10173.62074415583,
    -10173.613536788727,
    -10173.611216511375,
    -10173.607985716113,
    -10173.59965272062,
    -10173.60140403929,
    -10173.615509552841,
    -10173.627888121748,
    -10173.613470063185,
    -10173.605751529632,
    -10173.625528778319,
    -10173.61863185096,
    -10173.598961564907,
    -10173.617556573336,
    -10173.618802887577,
    -10173.606978471928,
    -10173.624642559802,
    -10173.621092759573,
    -10173.624637421597,
    -10173.6252367257,
    -10173.607488478605,
    -10173.616917920279,
    -10173.627302987607,
    -10173.60530846518,
    -10173.61327256961,
    -10173.61420604701,
    -10173.613711303424,
    -10173.619231456389,
    -10173.61747194521,
    -10173.626284753482,
    -10173.605327117943,
    -10173.618670567881,
    -10173.605971769333,
    -10173.616109075101,
    -10173.617651151437,
    -10173.601389049849,
    -10173.620290012139,
    -10173.610604413527,
    -10173.620119485542,
    -10173.625034387704,
    -10173.618136895344,
    -10173.615594924004,
    -10173.607541080137,
    -10173.59861131939,
    -10173.60815411479,
    -10173.616022796838,
    -10173.61996827151,
    -10173.612597698198
  ],
  "episode_lengths": [
    2000,
    2000,
    2000,
    2000,
    2000,
    2000,
    2000,
    2000,
    2000,
    2000,
    2000,
    2000,
    2000,
    2000,
    2000,
    2000,
    2000,
    2000,
    2000,
    2000,
    2000,
    2000,
    2000,
    2000,
    2000,
    2000,
    2000,
    2000,
    2000,
    2000,
    2000,
    2000,
    2000,
    2000,
    2000,
    2000,
    2000,
    2000,
    2000,
    2000,
    2000,
    2000,
    2000,
    2000,
    2000,
    2000,
    2000,
    2000,
    2000,
    2000,
    2000,
    2000,
    2000,
    2000,
    2000,
    2000,
    2000,
    2000,
    2000,
    2000,
    2000,
    2000,
    2000,
    2000,
    2000,
    2000,
    2000,
    2000,
    2000,
    2000,
    2000,
    2000,
    2000,
    2000,
    2000,
    2000,
    2000,
    2000,
    2000,
    2000,
    2000,
    2000,
    2000,
    2000,
    2000,
    2000,
    2000,
    2000,
    2000,
    2000,
    2000,
    2000,
    2000,
    2000,
    2000,
    2000,
    2000,
    2000,
    2000,
    2000,
    2000,
    2000,
    2000,
    2000,
    2000,
    2000,
    2000,
    2000,
    2000,
    2000,
    2000,
    2000,
    2000,
    2000,
    2000,
    2000,
    2000,
    2000,
    2000,
    2000,
    2000,
    2000,
    2000,
    2000,
    2000,
    2000,
    2000,
    2000,
    2000,
    2000,
    2000,
    2000,
    2000,
    2000,
    2000,
    2000,
    2000,
    2000,
    2000,
    2000,
    2000,
    2000,
    2000,
    2000,
    2000,
    2000,
    2000,
    2000,
    2000,
    2000
  ],
  "success_rates": [
    0.0,
    0.0,
    0.0,
    0.0,
    0.0,
    0.0,
    0.0,
    0.0,
    0.0,
    0.0,
    0.0,
    0.0,
    0.0,
    0.0,
    0.0,
    0.0,
    0.0,
    0.0,
    0.0,
    0.0,
    0.0,
    0.0,
    0.0,
    0.0,
    0.0,
    0.0,
    0.0,
    0.0,
    0.0,
    0.0,
    0.0,
    0.0,
    0.0,
    0.0,
    0.0,
    0.0,
    0.0,
    0.0,
    0.0,
    0.0,
    0.0,
    0.0,
    0.0,
    0.0,
    0.0,
    0.0,
    0.0,
    0.0,
    0.0,
    0.0,
    0.0,
    0.0,
    0.0,
    0.0,
    0.0,
    0.0,
    0.0,
    0.0,
    0.0,
    0.0,
    0.0,
    0.0,
    0.0,
    0.0,
    0.0,
    0.0,
    0.0,
    0.0,
    0.0,
    0.0,
    0.0,
    0.0,
    0.0,
    0.0,
    0.0,
    0.0,
    0.0,
    0.0,
    0.0,
    0.0,
    0.0,
    0.0,
    0.0,
    0.0,
    0.0,
    0.0,
    0.0,
    0.0,
    0.0,
    0.0,
    0.0,
    0.0,
    0.0,
    0.0,
    0.0,
    0.0,
    0.0,
    0.0,
    0.0,
    0.0,
    0.0,
    0.0,
    0.0,
    0.0,
    0.0,
    0.0,
    0.0,
    0.0,
    0.0,
    0.0,
    0.0,
    0.0,
    0.0,
    0.0,
    0.0,
    0.0,
    0.0,
    0.0,
    0.0,
    0.0,
    0.0,
    0.0,
    0.0,
    0.0,
    0.0,
    0.0,
    0.0,
    0.0,
    0.0,
    0.0,
    0.0,
    0.0,
    0.0,
    0.0,
    0.0,
    0.0,
    0.0,
    0.0,
    0.0,
    0.0,
    0.0,
    0.0,
    0.0,
    0.0,
    0.0,
    0.0,
    0.0,
    0.0,
    0.0,
    0.0
  ],