{
  "episode": 150,
  "global_step": 300000,
  "episode_rewards": [
    -10173.611017594812,
    -10173.615201717474,
    -10173.611100562182,
    -10173.629492942235,
    -10173.626477260543,
    -10173.612990517457,
    -10173.649483692492,
    -10173.606796783444,
    -10173.600241263874,
    -10173.62083521512,
    -10173.607715601413,
    -10173.622206765456,
    -10173.603704896837,
    -10173.605948217275,
    -10173.615769673948,
    -10173.606673675924,
    -10173.616790622622,
    -10173.628031050795,
    -10173.620297992786,
    -10173.618064717932,
    -10173.601028801304,
    -10173.622863512477,
    -10173.607153761122,
    -10173.620661514986,
    -10173.612347879924,
    -10173.60521888012,
    -10173.623388884853,
    -10173.640164080396,
    -10173.618827287932,
    -10173.610942254594,
    -10173.612950559098,
    -10173.623695770271,
    -10173.625736997157,
    -10173.626744707617,
    -10173.599959064384,
    -10173.620150315266,
    -10173.594382115825,
    -10173.599458479443,
    -10173.61211704796,
    -10173.628506673405,
    -10173.601076615145,
    -10173.612984001991,
    -10173.618849463826,
    -10173.62401618235,
    -10173.616611813148,
    -10173.610679985137,
    -10173.615880924544,
    -10173.61708259952,
    -10173.623802672086,
    -10173.611189629799,
    -10173.618871544322,
    -10173.621898759116,
    -10173.597612034051,
    -10173.616148500212,
    -10173.615609646931,
    -10173.595649820041,
    -10173.6289535822,
    -10173.609666674063,
    -10173.62110896695,
    -10173.61843957767,
    -10173.603576855558,
    -10173.595719178913,
    -10173.629145144634,
    -10173.592791167084,
    -10173.615880819694,
    -10173.608149995582,
    -10173.596502726756,
    -10173.611136918724,
    -10173.622094494958,
    -10173.594193702398,
    -10173.628321206346,
    -10173.629752527604,
    -10173.634576285172,
    -10173.595576558155,
    -10173.615389899624,
    -10173.622725301775,
    -10173.619326270022,
    -10173.611759246935,
    -10173.613209814705,
    -10173.606234676612,
    -10173.621832729063,
    -10173.618237576524,
    -10173.605181913254,
    -10173.608161848773,
    -10173.604055202655,
    -10173.628287116853,
    -10173.61494375183,
    -10173.617794327092,
    -10173.618498364662,
    -10173.611912224613,
    -10173.629726076399,
    -10173.625636034205,
    -10173.618474068011,
    -10173.612219675837,
    -10173.606365607407,
    -10173.597261299921,
    -10173.615856605504,
    -10173.61019100822,
    -10173.62039036796,
    -10173.601852927513,
    -10173.607225099428,
    -10173.61924371333,
    -10173.609014905036,
    -10173.617744122223,
    -10173.618448536154,
    -10173.622251779858,
    -10173.608077778963,
    -10173.60927489297,
    -10173.62365073473,
    -10173.622768633732,
    -10173.600185578709,
    -10173.607981914549,
    -10173.608974422676,
    -10173.616195953715,
    -10173.61192425673,
    -10173.601224569189,
    -10173.617658546358,
    -10173.608283708041,
    -10173.602559755036,
    -10173.6007779788,
    -10173.62027868282,
    -10173.626847226766,
    -10173.608259120605,
    -10173.596611499219,
    -10173.615922952236,
    -10173.619162350698,
    -10173.603876833724,
    -10173.6233674725,
    -10173.614137126831,
    -10173.613888194275,
    -10173.615141416061,
    -10173.633791895645,
    -10173.605996556538,
    -10173.615482261013,
    -10173.597679074295,
    -10173.597661963318,
    -10173.619131105306,
    -10173.61506287085,
    -10173.62296180657,
    -10173.61093144976,
    -10173.5898852908,
    -10173.62246776274,
    -10173.611953601187,
    -10173.600674141762,
    -10173.610547306342,
    -10173.61712507521,
    -10173.6065526812,
    -10173.606989422831,
    -10173.598179596524,
    -10173.609870740462
  ],
  "episode_lengths": [
    2000,
    2000,
    2000,
    2000,
    2000,
    2000,
    2000,
    2000,
    2000,
    2000,
    2000,
    2000,
    2000,
    2000,
    2000,
    2000,
    2000,
    2000,
    2000,
    2000,
    2000,
    2000,
    2000,
    2000,
    2000,
    2000,
    2000,
    2000,
    2000,
    2000,
    2000,
    2000,
    2000,
    2000,
    2000,
    2000,
    2000,
    2000,
    2000,
    2000,
    2000,
    2000,
    2000,
    2000,
    2000,
    2000,
    2000,
    2000,
    2000,
    2000,
    2000,
    2000,
    2000,
    2000,
    2000,
    2000,
    2000,
    2000,
    2000,
    2000,
    2000,
    2000,
    2000,
    2000,
    2000,
    2000,
    2000,
    2000,
    2000,
    2000,
    2000,
    2000,
    2000,
    2000,
    2000,
    2000,
    2000,
    2000,
    2000,
    2000,
    2000,
    2000,
    2000,
    2000,
    2000,
    2000,
    2000,
    2000,
    2000,
    2000,
    2000,
    2000,
    2000,
    2000,
    2000,
    2000,
    2000,
    2000,
    2000,
    2000,
    2000,
    2000,
    2000,
    2000,
    2000,
    2000,
    2000,
    2000,
    2000,
    2000,
    2000,
    2000,
    2000,
    2000,
    2000,
    2000,
    2000,
    2000,
    2000,
    2000,
    2000,
    2000,
    2000,
    2000,
    2000,
    2000,
    2000,
    2000,
    2000,
    2000,
    2000,
    2000,
    2000,
    2000,
    2000,
    2000,
    2000,
    2000,
    2000,
    2000,
    2000,
    2000,
    2000,
    2000,
    2000,
    2000,
    2000,
    2000,
    2000,
    2000
  ],
  "success_rates": [
    0.0,
    0.0,
    0.0,
    0.0,
    0.0,
    0.0,
    0.0,
    0.0,
    0.0,
    0.0,
    0.0,
    0.0,
    0.0,
    0.0,
    0.0,
    0.0,
    0.0,
    0.0,
    0.0,
    0.0,
    0.0,
    0.0,
    0.0,
    0.0,
    0.0,
    0.0,
    0.0,
    0.0,
    0.0,
    0.0,
    0.0,
    0.0,
    0.0,
    0.0,
    0.0,
    0.0,
    0.0,
    0.0,
    0.0,
    0.0,
    0.0,
    0.0,
    0.0,
    0.0,
    0.0,
    0.0,
    0.0,
    0.0,
    0.0,
    0.0,
    0.0,
    0.0,
    0.0,
    0.0,
    0.0,
    0.0,
    0.0,
    0.0,
    0.0,
    0.0,
    0.0,
    0.0,
    0.0,
    0.0,
    0.0,
    0.0,
    0.0,
    0.0,
    0.0,
    0.0,
    0.0,
    0.0,
    0.0,
    0.0,
    0.0,
    0.0,
    0.0,
    0.0,
    0.0,
    0.0,
    0.0,
    0.0,
    0.0,
    0.0,
    0.0,
    0.0,
    0.0,
    0.0,
    0.0,
    0.0,
    0.0,
    0.0,
    0.0,
    0.0,
    0.0,
    0.0,
    0.0,
    0.0,
    0.0,
    0.0,
    0.0,
    0.0,
    0.0,
    0.0,
    0.0,
    0.0,
    0.0,
    0.0,
    0.0,
    0.0,
    0.0,
    0.0,
    0.0,
    0.0,
    0.0,
    0.0,
    0.0,
    0.0,
    0.0,
    0.0,
    0.0,
    0.0,
    0.0,
    0.0,
    0.0,
    0.0,
    0.0,
    0.0,
    0.0,
    0.0,
    0.0,
    0.0,
    0.0,
    0.0,
    0.0,
    0.0,
    0.0,
    0.0,
    0.0,
    0.0,
    0.0,
    0.0,
    0.0,
    0.0,
    0.0,
    0.0,
    0.0,
    0.0,
    0.0,
    0.0
  ],