{
  "episode": 150,
  "global_step": 300000,
  "episode_rewards": [
    -10173.618029432835,
    -10173.613807535456,
    -10173.60536509002,
    -10173.613995816853,
    -10173.610368099762,
    -10173.62318788063,
    -10173.613682578587,
    -10173.606640672555,
    -10173.617024216399,
    -10173.629647578357,
    -10173.609751432428,
    -10173.635809545069,
    -10173.618068981485,
    -10173.618559700979,
    -10173.59897568691,
    -10173.613685962604,
    -10173.609870360779,
    -10173.609033262497,
    -10173.612967919436,
    -10173.610570279872,
    -10173.62392573105,
    -10173.601269520328,
    -10173.630849244088,
    -10173.613527359634,
    -10173.603904366253,
    -10173.614403444122,
    -10173.627296731778,
    -10173.598637456958,
    -10173.603672725923,
    -10173.594614815238,
    -10173.612932724422,
    -10173.617811227014,
    -10173.603714657453,
    -10173.624929861546,
    -10173.605471178427,
    -10173.606601130268,
    -10173.61019569884,
    -10173.61155591454,
    -10173.611324894327,
    -10173.614993306717,
    -10173.59851864752,
    -10173.58969955663,
    -10173.614642374961,
    -10173.624805745643,
    -10173.619816690194,
    -10173.618912993028,
    -10173.612095307566,
    -10173.612359098708,
    -10173.620466054874,
    -10173.592309697578,
    -10173.60963460324,
    -10173.608860253758,
    -10173.605932878281,
    -10173.607961288106,
    -10173.614473252032,
    -10173.627658307414,
    -10173.6121515102,
    -10173.634884138792,
    -10173.612019048578,
    -10173.598696629564,
    -10173.61872071879,
    -10173.599872473067,
    -10173.624182985232,
    -10173.581152949047,
    -10173.590981863323,
    -10173.613974674454,
    -10173.619799326425,
    -10173.61182279603,
    -10173.618413958924,
    -10173.597917762885,
    -10173.624521948575,
    -10173.61201169023,
    -10173.635411753708,
    -10173.600146396573,
    -10173.626463421468,
    -10173.616581482996,
    -10173.622749469194,
    -10173.6110652392,
    -10173.613247739399,
    -10173.6097169689,
    -10173.618134380156,
    -10173.609531111297,
    -10173.620847755818,
    -10173.61900697313,
    -10173.595125653535,
    -10173.602541241762,
    -10173.613155639527,
    -10173.614706322369,
    -10173.614482120021,
    -10173.612610598646,
    -10173.61033448039,
    -10173.608582593586,
    -10173.623817489648,
    -10173.61231554184,
    -10173.602512402087,
    -10173.61680572988,
    -10173.617475294857,
    -10173.600629887955,
    -10173.617162625878,
    -10173.618772783298,
    -10173.600016391594,
    -10173.641407850708,
    -10173.60939620491,
    -10173.60478996362,
    -10173.61889885917,
    -10173.594490369609,
    -10173.599382143957,
    -10173.624271404966,
    -10173.598301753624,
    -10173.593223920741,
    -10173.609577073354,
    -10173.610437737632,
    -10173.616675065769,
    -10173.608438143727,
    -10173.608466069521,
    -10173.613203311412,
    -10173.597218322286,
    -10173.62531212975,
    -10173.612195771178,
    -10173.60460493866,
    -10173.620034684696,
    -10173.609299432444,
    -10173.624747972874,
    -10173.59489182501,
    -10173.60362732949,
    -10173.622420964686,
    -10173.59120658161,
    -10173.607595307367,
    -10173.60203832419,
    -10173.611244736043,
    -10173.595064601011,
    -10173.607921987063,
    -10173.595042070523,
    -10173.615417853473,
    -10173.613359493698,
    -10173.610507931637,
    -10173.614217826129,
    -10173.610804574686,
    -10173.61300540622,
    -10173.610219601198,
    -10173.594416213424,
    -10173.59499569338,
    -10173.588197680792,
    -10173.612479644711,
    -10173.620744855176,
    -10173.608302073608,
    -10173.620371795836,
    -10173.621109566679,
    -10173.609720530301,
    -10173.625432796742
  ],
  "episode_lengths": [
    2000,
    2000,
    2000,
    2000,
    2000,
    2000,
    2000,
    2000,
    2000,
    2000,
    2000,
    2000,
    2000,
    2000,
    2000,
    2000,
    2000,
    2000,
    2000,
    2000,
    2000,
    2000,
    2000,
    2000,
    2000,
    2000,
    2000,
    2000,
    2000,
    2000,
    2000,
    2000,
    2000,
    2000,
    2000,
    2000,
    2000,
    2000,
    2000,
    2000,
    2000,
    2000,
    2000,
    2000,
    2000,
    2000,
    2000,
    2000,
    2000,
    2000,
    2000,
    2000,
    2000,
    2000,
    2000,
    2000,
    2000,
    2000,
    2000,
    2000,
    2000,
    2000,
    2000,
    2000,
    2000,
    2000,
    2000,
    2000,
    2000,
    2000,
    2000,
    2000,
    2000,
    2000,
    2000,
    2000,
    2000,
    2000,
    2000,
    2000,
    2000,
    2000,
    2000,
    2000,
    2000,
    2000,
    2000,
    2000,
    2000,
    2000,
    2000,
    2000,
    2000,
    2000,
    2000,
    2000,
    2000,
    2000,
    2000,
    2000,
    2000,
    2000,
    2000,
    2000,
    2000,
    2000,
    2000,
    2000,
    2000,
    2000,
    2000,
    2000,
    2000,
    2000,
    2000,
    2000,
    2000,
    2000,
    2000,
    2000,
    2000,
    2000,
    2000,
    2000,
    2000,
    2000,
    2000,
    2000,
    2000,
    2000,
    2000,
    2000,
    2000,
    2000,
    2000,
    2000,
    2000,
    2000,
    2000,
    2000,
    2000,
    2000,
    2000,
    2000,
    2000,
    2000,
    2000,
    2000,
    2000,
    2000
  ],
  "success_rates": [
    0.0,
    0.0,
    0.0,
    0.0,
    0.0,
    0.0,
    0.0,
    0.0,
    0.0,
    0.0,
    0.0,
    0.0,
    0.0,
    0.0,
    0.0,
    0.0,
    0.0,
    0.0,
    0.0,
    0.0,
    0.0,
    0.0,
    0.0,
    0.0,
    0.0,
    0.0,
    0.0,
    0.0,
    0.0,
    0.0,
    0.0,
    0.0,
    0.0,
    0.0,
    0.0,
    0.0,
    0.0,
    0.0,
    0.0,
    0.0,
    0.0,
    0.0,
    0.0,
    0.0,
    0.0,
    0.0,
    0.0,
    0.0,
    0.0,
    0.0,
    0.0,
    0.0,
    0.0,
    0.0,
    0.0,
    0.0,
    0.0,
    0.0,
    0.0,
    0.0,
    0.0,
    0.0,
    0.0,
    0.0,
    0.0,
    0.0,
    0.0,
    0.0,
    0.0,
    0.0,
    0.0,
    0.0,
    0.0,
    0.0,
    0.0,
    0.0,
    0.0,
    0.0,
    0.0,
    0.0,
    0.0,
    0.0,
    0.0,
    0.0,
    0.0,
    0.0,
    0.0,
    0.0,
    0.0,
    0.0,
    0.0,
    0.0,
    0.0,
    0.0,
    0.0,
    0.0,
    0.0,
    0.0,
    0.0,
    0.0,
    0.0,
    0.0,
    0.0,
    0.0,
    0.0,
    0.0,
    0.0,
    0.0,
    0.0,
    0.0,
    0.0,
    0.0,
    0.0,
    0.0,
    0.0,
    0.0,
    0.0,
    0.0,
    0.0,
    0.0,
    0.0,
    0.0,
    0.0,
    0.0,
    0.0,
    0.0,
    0.0,
    0.0,
    0.0,
    0.0,
    0.0,
    0.0,
    0.0,
    0.0,
    0.0,
    0.0,
    0.0,
    0.0,
    0.0,
    0.0,
    0.0,
    0.0,
    0.0,
    0.0,
    0.0,
    0.0,
    0.0,
    0.0,
    0.0,
    0.0
  ],